Input_File	Analysis_File	Check
01a_AR_CH	01a_AR_CH	Match
01a_AR_CU	01a_AR_CU	Match
01a_AR_PP	01a_AR_PP	Match
01a_AR_ST	01a_AR_ST	Match
01a_AR_TL	01a_AR_TL	Match
01a_CH_CU	01a_CH_CU	Match
01a_CH_TL	01a_CH_TL	Match
01a_PP_CH	01a_PP_CH	Match
01a_PP_CU	01a_PP_CU	Match
01a_PP_TL	01a_PP_TL	Match
01a_ST_CH	01a_ST_CH	Match
01a_ST_CU	01a_ST_CU	Match
01a_ST_PP	01a_ST_PP	Match
01a_ST_TL	01a_ST_TL	Match
01a_TL_CU	01a_TL_CU	Match
01b_AR_CH	01b_AR_CH	Match
01b_AR_CU	01b_AR_CU	Match
01b_AR_PP	01b_AR_PP	Match
01b_AR_ST	01b_AR_ST	Match
01b_AR_TL	01b_AR_TL	Match
01b_CH_CU	01b_CH_CU	Match
01b_CH_TL	01b_CH_TL	Match
01b_PP_CH	01b_PP_CH	Match
01b_PP_CU	01b_PP_CU	Match
01b_PP_TL	01b_PP_TL	Match
01b_ST_CH	01b_ST_CH	Match
01b_ST_CU	01b_ST_CU	Match
01b_ST_PP	01b_ST_PP	Match
01b_ST_TL	01b_ST_TL	Match
01b_TL_CU	01b_TL_CU	Match
01c_AR_CH	01c_AR_CH	Match
01c_AR_CU	01c_AR_CU	Match
01c_AR_PP	01c_AR_PP	Match
01c_AR_ST	01c_AR_ST	Match
01c_AR_TL	01c_AR_TL	Match
01c_CH_CU	01c_CH_CU	Match
01c_CH_TL	01c_CH_TL	Match
01c_PP_CH	01c_PP_CH	Match
01c_PP_CU	01c_PP_CU	Match
01c_PP_TL	01c_PP_TL	Match
01c_ST_CH	01c_ST_CH	Match
01c_ST_CU	01c_ST_CU	Match
01c_ST_PP	01c_ST_PP	Match
01c_ST_TL	01c_ST_TL	Match
01c_TL_CU	01c_TL_CU	Match
01d_AR_CH	01d_AR_CH	Match
01d_AR_CU	01d_AR_CU	Match
01d_AR_PP	01d_AR_PP	Match
01d_AR_ST	01d_AR_ST	Match
01d_AR_TL	01d_AR_TL	Match
01d_CH_CU	01d_CH_CU	Match
01d_CH_TL	01d_CH_TL	Match
01d_PP_CH	01d_PP_CH	Match
01d_PP_CU	01d_PP_CU	Match
01d_PP_TL	01d_PP_TL	Match
01d_ST_CH	01d_ST_CH	Match
01d_ST_CU	01d_ST_CU	Match
01d_ST_PP	01d_ST_PP	Match
01d_ST_TL	01d_ST_TL	Match
01d_TL_CU	01d_TL_CU	Match
01e_AR_CH	01e_AR_CH	Match
01e_AR_CU	01e_AR_CU	Match
01e_AR_PP	01e_AR_PP	Match
01e_AR_ST	01e_AR_ST	Match
01e_AR_TL	01e_AR_TL	Match
01e_CH_CU	01e_CH_CU	Match
01e_CH_TL	01e_CH_TL	Match
01e_PP_CH	01e_PP_CH	Match
01e_PP_CU	01e_PP_CU	Match
01e_PP_TL	01e_PP_TL	Match
01e_ST_CH	01e_ST_CH	Match
01e_ST_CU	01e_ST_CU	Match
01e_ST_PP	01e_ST_PP	Match
01e_ST_TL	01e_ST_TL	Match
01e_TL_CU	01e_TL_CU	Match
01f_AR_CH	01f_AR_CH	Match
01f_AR_CU	01f_AR_CU	Match
01f_AR_PP	01f_AR_PP	Match
01f_AR_ST	01f_AR_ST	Match
01f_AR_TL	01f_AR_TL	Match
01f_CH_CU	01f_CH_CU	Match
01f_CH_TL	01f_CH_TL	Match
01f_PP_CH	01f_PP_CH	Match
01f_PP_CU	01f_PP_CU	Match
01f_PP_TL	01f_PP_TL	Match
01f_ST_CH	01f_ST_CH	Match
01f_ST_CU	01f_ST_CU	Match
01f_ST_PP	01f_ST_PP	Match
01f_ST_TL	01f_ST_TL	Match
01f_TL_CU	01f_TL_CU	Match
01g_AR_CH	01g_AR_CH	Match
01g_AR_CU	01g_AR_CU	Match
01g_AR_PP	01g_AR_PP	Match
01g_AR_ST	01g_AR_ST	Match
01g_AR_TL	01g_AR_TL	Match
01g_CH_CU	01g_CH_CU	Match
01g_CH_TL	01g_CH_TL	Match
01g_PP_CH	01g_PP_CH	Match
01g_PP_CU	01g_PP_CU	Match
01g_PP_TL	01g_PP_TL	Match
01g_ST_CH	01g_ST_CH	Match
01g_ST_CU	01g_ST_CU	Match
01g_ST_PP	01g_ST_PP	Match
01g_ST_TL	01g_ST_TL	Match
01g_TL_CU	01g_TL_CU	Match
02a_AR_CH	02a_AR_CH	Match
02a_AR_CU	02a_AR_CU	Match
02a_AR_PP	02a_AR_PP	Match
02a_AR_ST	02a_AR_ST	Match
02a_AR_TL	02a_AR_TL	Match
02a_CH_CU	02a_CH_CU	Match
02a_CH_TL	02a_CH_TL	Match
02a_PP_CH	02a_PP_CH	Match
02a_PP_CU	02a_PP_CU	Match
02a_PP_TL	02a_PP_TL	Match
02a_ST_CH	02a_ST_CH	Match
02a_ST_CU	02a_ST_CU	Match
02a_ST_PP	02a_ST_PP	Match
02a_ST_TL	02a_ST_TL	Match
02a_TL_CU	02a_TL_CU	Match
02b_AR_CH	02b_AR_CH	Match
02b_AR_CU	02b_AR_CU	Match
02b_AR_PP	02b_AR_PP	Match
02b_AR_ST	02b_AR_ST	Match
02b_AR_TL	02b_AR_TL	Match
02b_CH_CU	02b_CH_CU	Match
02b_CH_TL	02b_CH_TL	Match
02b_PP_CH	02b_PP_CH	Match
02b_PP_CU	02b_PP_CU	Match
02b_PP_TL	02b_PP_TL	Match
02b_ST_CH	02b_ST_CH	Match
02b_ST_CU	02b_ST_CU	Match
02b_ST_PP	02b_ST_PP	Match
02b_ST_TL	02b_ST_TL	Match
02b_TL_CU	02b_TL_CU	Match
02c_AR_CH	02c_AR_CH	Match
02c_AR_CU	02c_AR_CU	Match
02c_AR_PP	02c_AR_PP	Match
02c_AR_ST	02c_AR_ST	Match
02c_AR_TL	02c_AR_TL	Match
02c_CH_CU	02c_CH_CU	Match
02c_CH_TL	02c_CH_TL	Match
02c_PP_CH	02c_PP_CH	Match
02c_PP_CU	02c_PP_CU	Match
02c_PP_TL	02c_PP_TL	Match
02c_ST_CH	02c_ST_CH	Match
02c_ST_CU	02c_ST_CU	Match
02c_ST_PP	02c_ST_PP	Match
02c_ST_TL	02c_ST_TL	Match
02c_TL_CU	02c_TL_CU	Match
03a_AR_CH	03a_AR_CH	Match
03a_AR_CU	03a_AR_CU	Match
03a_AR_PP	03a_AR_PP	Match
03a_AR_ST	03a_AR_ST	Match
03a_AR_TL	03a_AR_TL	Match
03a_CH_CU	03a_CH_CU	Match
03a_CH_TL	03a_CH_TL	Match
03a_PP_CH	03a_PP_CH	Match
03a_PP_CU	03a_PP_CU	Match
03a_PP_TL	03a_PP_TL	Match
03a_ST_CH	03a_ST_CH	Match
03a_ST_CU	03a_ST_CU	Match
03a_ST_PP	03a_ST_PP	Match
03a_ST_TL	03a_ST_TL	Match
03a_TL_CU	03a_TL_CU	Match
03b_AR_CH	03b_AR_CH	Match
03b_AR_CU	03b_AR_CU	Match
03b_AR_PP	03b_AR_PP	Match
03b_AR_ST	03b_AR_ST	Match
03b_AR_TL	03b_AR_TL	Match
03b_CH_CU	03b_CH_CU	Match
03b_CH_TL	03b_CH_TL	Match
03b_PP_CH	03b_PP_CH	Match
03b_PP_CU	03b_PP_CU	Match
03b_PP_TL	03b_PP_TL	Match
03b_ST_CH	03b_ST_CH	Match
03b_ST_CU	03b_ST_CU	Match
03b_ST_PP	03b_ST_PP	Match
03b_ST_TL	03b_ST_TL	Match
03b_TL_CU	03b_TL_CU	Match
03c_AR_CH	03c_AR_CH	Match
03c_AR_CU	03c_AR_CU	Match
03c_AR_PP	03c_AR_PP	Match
03c_AR_ST	03c_AR_ST	Match
03c_AR_TL	03c_AR_TL	Match
03c_CH_CU	03c_CH_CU	Match
03c_CH_TL	03c_CH_TL	Match
03c_PP_CH	03c_PP_CH	Match
03c_PP_CU	03c_PP_CU	Match
03c_PP_TL	03c_PP_TL	Match
03c_ST_CH	03c_ST_CH	Match
03c_ST_CU	03c_ST_CU	Match
03c_ST_PP	03c_ST_PP	Match
03c_ST_TL	03c_ST_TL	Match
03c_TL_CU	03c_TL_CU	Match
03d_AR_CH	03d_AR_CH	Match
03d_AR_CU	03d_AR_CU	Match
03d_AR_PP	03d_AR_PP	Match
03d_AR_ST	03d_AR_ST	Match
03d_AR_TL	03d_AR_TL	Match
03d_CH_CU	03d_CH_CU	Match
03d_CH_TL	03d_CH_TL	Match
03d_PP_CH	03d_PP_CH	Match
03d_PP_CU	03d_PP_CU	Match
03d_PP_TL	03d_PP_TL	Match
03d_ST_CH	03d_ST_CH	Match
03d_ST_CU	03d_ST_CU	Match
03d_ST_PP	03d_ST_PP	Match
03d_ST_TL	03d_ST_TL	Match
03d_TL_CU	03d_TL_CU	Match
03e_AR_CH	03e_AR_CH	Match
03e_AR_CU	03e_AR_CU	Match
03e_AR_PP	03e_AR_PP	Match
03e_AR_ST	03e_AR_ST	Match
03e_AR_TL	03e_AR_TL	Match
03e_CH_CU	03e_CH_CU	Match
03e_CH_TL	03e_CH_TL	Match
03e_PP_CH	03e_PP_CH	Match
03e_PP_CU	03e_PP_CU	Match
03e_PP_TL	03e_PP_TL	Match
03e_ST_CH	03e_ST_CH	Match
03e_ST_CU	03e_ST_CU	Match
03e_ST_PP	03e_ST_PP	Match
03e_ST_TL	03e_ST_TL	Match
03e_TL_CU	03e_TL_CU	Match
03f_AR_CH	03f_AR_CH	Match
03f_AR_CU	03f_AR_CU	Match
03f_AR_PP	03f_AR_PP	Match
03f_AR_ST	03f_AR_ST	Match
03f_AR_TL	03f_AR_TL	Match
03f_CH_CU	03f_CH_CU	Match
03f_CH_TL	03f_CH_TL	Match
03f_PP_CH	03f_PP_CH	Match
03f_PP_CU	03f_PP_CU	Match
03f_PP_TL	03f_PP_TL	Match
03f_ST_CH	03f_ST_CH	Match
03f_ST_CU	03f_ST_CU	Match
03f_ST_PP	03f_ST_PP	Match
03f_ST_TL	03f_ST_TL	Match
03f_TL_CU	03f_TL_CU	Match
03g_AR_CH	03g_AR_CH	Match
03g_AR_CU	03g_AR_CU	Match
03g_AR_PP	03g_AR_PP	Match
03g_AR_ST	03g_AR_ST	Match
03g_AR_TL	03g_AR_TL	Match
03g_CH_CU	03g_CH_CU	Match
03g_CH_TL	03g_CH_TL	Match
03g_PP_CH	03g_PP_CH	Match
03g_PP_CU	03g_PP_CU	Match
03g_PP_TL	03g_PP_TL	Match
03g_ST_CH	03g_ST_CH	Match
03g_ST_CU	03g_ST_CU	Match
03g_ST_PP	03g_ST_PP	Match
03g_ST_TL	03g_ST_TL	Match
03g_TL_CU	03g_TL_CU	Match
03h_AR_CH	03h_AR_CH	Match
03h_AR_CU	03h_AR_CU	Match
03h_AR_PP	03h_AR_PP	Match
03h_AR_ST	03h_AR_ST	Match
03h_AR_TL	03h_AR_TL	Match
03h_CH_CU	03h_CH_CU	Match
03h_CH_TL	03h_CH_TL	Match
03h_PP_CH	03h_PP_CH	Match
03h_PP_CU	03h_PP_CU	Match
03h_PP_TL	03h_PP_TL	Match
03h_ST_CH	03h_ST_CH	Match
03h_ST_CU	03h_ST_CU	Match
03h_ST_PP	03h_ST_PP	Match
03h_ST_TL	03h_ST_TL	Match
03h_TL_CU	03h_TL_CU	Match
03i_AR_CH	03i_AR_CH	Match
03i_AR_CU	03i_AR_CU	Match
03i_AR_PP	03i_AR_PP	Match
03i_AR_ST	03i_AR_ST	Match
03i_AR_TL	03i_AR_TL	Match
03i_CH_CU	03i_CH_CU	Match
03i_CH_TL	03i_CH_TL	Match
03i_PP_CH	03i_PP_CH	Match
03i_PP_CU	03i_PP_CU	Match
03i_PP_TL	03i_PP_TL	Match
03i_ST_CH	03i_ST_CH	Match
03i_ST_CU	03i_ST_CU	Match
03i_ST_PP	03i_ST_PP	Match
03i_ST_TL	03i_ST_TL	Match
03i_TL_CU	03i_TL_CU	Match
03j_AR_CH	03j_AR_CH	Match
03j_AR_CU	03j_AR_CU	Match
03j_AR_PP	03j_AR_PP	Match
03j_AR_ST	03j_AR_ST	Match
03j_AR_TL	03j_AR_TL	Match
03j_CH_CU	03j_CH_CU	Match
03j_CH_TL	03j_CH_TL	Match
03j_PP_CH	03j_PP_CH	Match
03j_PP_CU	03j_PP_CU	Match
03j_PP_TL	03j_PP_TL	Match
03j_ST_CH	03j_ST_CH	Match
03j_ST_CU	03j_ST_CU	Match
03j_ST_PP	03j_ST_PP	Match
03j_ST_TL	03j_ST_TL	Match
03j_TL_CU	03j_TL_CU	Match
03k_AR_CH	03k_AR_CH	Match
03k_AR_CU	03k_AR_CU	Match
03k_AR_PP	03k_AR_PP	Match
03k_AR_ST	03k_AR_ST	Match
03k_AR_TL	03k_AR_TL	Match
03k_CH_CU	03k_CH_CU	Match
03k_CH_TL	03k_CH_TL	Match
03k_PP_CH	03k_PP_CH	Match
03k_PP_CU	03k_PP_CU	Match
03k_PP_TL	03k_PP_TL	Match
03k_ST_CH	03k_ST_CH	Match
03k_ST_CU	03k_ST_CU	Match
03k_ST_PP	03k_ST_PP	Match
03k_ST_TL	03k_ST_TL	Match
03k_TL_CU	03k_TL_CU	Match
03l_AR_CH	03l_AR_CH	Match
03l_AR_CU	03l_AR_CU	Match
03l_AR_PP	03l_AR_PP	Match
03l_AR_ST	03l_AR_ST	Match
03l_AR_TL	03l_AR_TL	Match
03l_CH_CU	03l_CH_CU	Match
03l_CH_TL	03l_CH_TL	Match
03l_PP_CH	03l_PP_CH	Match
03l_PP_CU	03l_PP_CU	Match
03l_PP_TL	03l_PP_TL	Match
03l_ST_CH	03l_ST_CH	Match
03l_ST_CU	03l_ST_CU	Match
03l_ST_PP	03l_ST_PP	Match
03l_ST_TL	03l_ST_TL	Match
03l_TL_CU	03l_TL_CU	Match
03m_AR_CH	03m_AR_CH	Match
03m_AR_CU	03m_AR_CU	Match
03m_AR_PP	03m_AR_PP	Match
03m_AR_ST	03m_AR_ST	Match
03m_AR_TL	03m_AR_TL	Match
03m_CH_CU	03m_CH_CU	Match
03m_CH_TL	03m_CH_TL	Match
03m_PP_CH	03m_PP_CH	Match
03m_PP_CU	03m_PP_CU	Match
03m_PP_TL	03m_PP_TL	Match
03m_ST_CH	03m_ST_CH	Match
03m_ST_CU	03m_ST_CU	Match
03m_ST_PP	03m_ST_PP	Match
03m_ST_TL	03m_ST_TL	Match
03m_TL_CU	03m_TL_CU	Match
03n_AR_CH	03n_AR_CH	Match
03n_AR_CU	03n_AR_CU	Match
03n_AR_PP	03n_AR_PP	Match
03n_AR_ST	03n_AR_ST	Match
03n_AR_TL	03n_AR_TL	Match
03n_CH_CU	03n_CH_CU	Match
03n_CH_TL	03n_CH_TL	Match
03n_PP_CH	03n_PP_CH	Match
03n_PP_CU	03n_PP_CU	Match
03n_PP_TL	03n_PP_TL	Match
03n_ST_CH	03n_ST_CH	Match
03n_ST_CU	03n_ST_CU	Match
03n_ST_PP	03n_ST_PP	Match
03n_ST_TL	03n_ST_TL	Match
03n_TL_CU	03n_TL_CU	Match
03o_AR_CH	03o_AR_CH	Match
03o_AR_CU	03o_AR_CU	Match
03o_AR_PP	03o_AR_PP	Match
03o_AR_ST	03o_AR_ST	Match
03o_AR_TL	03o_AR_TL	Match
03o_CH_CU	03o_CH_CU	Match
03o_CH_TL	03o_CH_TL	Match
03o_PP_CH	03o_PP_CH	Match
03o_PP_CU	03o_PP_CU	Match
03o_PP_TL	03o_PP_TL	Match
03o_ST_CH	03o_ST_CH	Match
03o_ST_CU	03o_ST_CU	Match
03o_ST_PP	03o_ST_PP	Match
03o_ST_TL	03o_ST_TL	Match
03o_TL_CU	03o_TL_CU	Match
03p_AR_CH	03p_AR_CH	Match
03p_AR_CU	03p_AR_CU	Match
03p_AR_PP	03p_AR_PP	Match
03p_AR_ST	03p_AR_ST	Match
03p_AR_TL	03p_AR_TL	Match
03p_CH_CU	03p_CH_CU	Match
03p_CH_TL	03p_CH_TL	Match
03p_PP_CH	03p_PP_CH	Match
03p_PP_CU	03p_PP_CU	Match
03p_PP_TL	03p_PP_TL	Match
03p_ST_CH	03p_ST_CH	Match
03p_ST_CU	03p_ST_CU	Match
03p_ST_PP	03p_ST_PP	Match
03p_ST_TL	03p_ST_TL	Match
03p_TL_CU	03p_TL_CU	Match
03q_AR_CH	03q_AR_CH	Match
03q_AR_CU	03q_AR_CU	Match
03q_AR_PP	03q_AR_PP	Match
03q_AR_ST	03q_AR_ST	Match
03q_AR_TL	03q_AR_TL	Match
03q_CH_CU	03q_CH_CU	Match
03q_CH_TL	03q_CH_TL	Match
03q_PP_CH	03q_PP_CH	Match
03q_PP_CU	03q_PP_CU	Match
03q_PP_TL	03q_PP_TL	Match
03q_ST_CH	03q_ST_CH	Match
03q_ST_CU	03q_ST_CU	Match
03q_ST_PP	03q_ST_PP	Match
03q_ST_TL	03q_ST_TL	Match
03q_TL_CU	03q_TL_CU	Match
04a_AR_CH	04a_AR_CH	Match
04a_AR_CU	04a_AR_CU	Match
04a_AR_PP	04a_AR_PP	Match
04a_AR_ST	04a_AR_ST	Match
04a_AR_TL	04a_AR_TL	Match
04a_CH_CU	04a_CH_CU	Match
04a_CH_TL	04a_CH_TL	Match
04a_PP_CH	04a_PP_CH	Match
04a_PP_CU	04a_PP_CU	Match
04a_PP_TL	04a_PP_TL	Match
04a_ST_CH	04a_ST_CH	Match
04a_ST_CU	04a_ST_CU	Match
04a_ST_PP	04a_ST_PP	Match
04a_ST_TL	04a_ST_TL	Match
04a_TL_CU	04a_TL_CU	Match
04b_AR_CH	04b_AR_CH	Match
04b_AR_CU	04b_AR_CU	Match
04b_AR_PP	04b_AR_PP	Match
04b_AR_ST	04b_AR_ST	Match
04b_AR_TL	04b_AR_TL	Match
04b_CH_CU	04b_CH_CU	Match
04b_CH_TL	04b_CH_TL	Match
04b_PP_CH	04b_PP_CH	Match
04b_PP_CU	04b_PP_CU	Match
04b_PP_TL	04b_PP_TL	Match
04b_ST_CH	04b_ST_CH	Match
04b_ST_CU	04b_ST_CU	Match
04b_ST_PP	04b_ST_PP	Match
04b_ST_TL	04b_ST_TL	Match
04b_TL_CU	04b_TL_CU	Match
04c_AR_CH	04c_AR_CH	Match
04c_AR_CU	04c_AR_CU	Match
04c_AR_PP	04c_AR_PP	Match
04c_AR_ST	04c_AR_ST	Match
04c_AR_TL	04c_AR_TL	Match
04c_CH_CU	04c_CH_CU	Match
04c_CH_TL	04c_CH_TL	Match
04c_PP_CH	04c_PP_CH	Match
04c_PP_CU	04c_PP_CU	Match
04c_PP_TL	04c_PP_TL	Match
04c_ST_CH	04c_ST_CH	Match
04c_ST_CU	04c_ST_CU	Match
04c_ST_PP	04c_ST_PP	Match
04c_ST_TL	04c_ST_TL	Match
04c_TL_CU	04c_TL_CU	Match
04d_AR_CH	04d_AR_CH	Match
04d_AR_CU	04d_AR_CU	Match
04d_AR_PP	04d_AR_PP	Match
04d_AR_ST	04d_AR_ST	Match
04d_AR_TL	04d_AR_TL	Match
04d_CH_CU	04d_CH_CU	Match
04d_CH_TL	04d_CH_TL	Match
04d_PP_CH	04d_PP_CH	Match
04d_PP_CU	04d_PP_CU	Match
04d_PP_TL	04d_PP_TL	Match
04d_ST_CH	04d_ST_CH	Match
04d_ST_CU	04d_ST_CU	Match
04d_ST_PP	04d_ST_PP	Match
04d_ST_TL	04d_ST_TL	Match
04d_TL_CU	04d_TL_CU	Match
04e_AR_CH	04e_AR_CH	Match
04e_AR_CU	04e_AR_CU	Match
04e_AR_PP	04e_AR_PP	Match
04e_AR_ST	04e_AR_ST	Match
04e_AR_TL	04e_AR_TL	Match
04e_CH_CU	04e_CH_CU	Match
04e_CH_TL	04e_CH_TL	Match
04e_PP_CH	04e_PP_CH	Match
04e_PP_CU	04e_PP_CU	Match
04e_PP_TL	04e_PP_TL	Match
04e_ST_CH	04e_ST_CH	Match
04e_ST_CU	04e_ST_CU	Match
04e_ST_PP	04e_ST_PP	Match
04e_ST_TL	04e_ST_TL	Match
04e_TL_CU	04e_TL_CU	Match
05a_AR_CH	05a_AR_CH	Match
05a_AR_CU	05a_AR_CU	Match
05a_AR_PP	05a_AR_PP	Match
05a_AR_ST	05a_AR_ST	Match
05a_AR_TL	05a_AR_TL	Match
05a_CH_CU	05a_CH_CU	Match
05a_CH_TL	05a_CH_TL	Match
05a_PP_CH	05a_PP_CH	Match
05a_PP_CU	05a_PP_CU	Match
05a_PP_TL	05a_PP_TL	Match
05a_ST_CH	05a_ST_CH	Match
05a_ST_CU	05a_ST_CU	Match
05a_ST_PP	05a_ST_PP	Match
05a_ST_TL	05a_ST_TL	Match
05a_TL_CU	05a_TL_CU	Match
05b_AR_CH	05b_AR_CH	Match
05b_AR_CU	05b_AR_CU	Match
05b_AR_PP	05b_AR_PP	Match
05b_AR_ST	05b_AR_ST	Match
05b_AR_TL	05b_AR_TL	Match
05b_CH_CU	05b_CH_CU	Match
05b_CH_TL	05b_CH_TL	Match
05b_PP_CH	05b_PP_CH	Match
05b_PP_CU	05b_PP_CU	Match
05b_PP_TL	05b_PP_TL	Match
05b_ST_CH	05b_ST_CH	Match
05b_ST_CU	05b_ST_CU	Match
05b_ST_PP	05b_ST_PP	Match
05b_ST_TL	05b_ST_TL	Match
05b_TL_CU	05b_TL_CU	Match
05c_AR_CH	05c_AR_CH	Match
05c_AR_CU	05c_AR_CU	Match
05c_AR_PP	05c_AR_PP	Match
05c_AR_ST	05c_AR_ST	Match
05c_AR_TL	05c_AR_TL	Match
05c_CH_CU	05c_CH_CU	Match
05c_CH_TL	05c_CH_TL	Match
05c_PP_CH	05c_PP_CH	Match
05c_PP_CU	05c_PP_CU	Match
05c_PP_TL	05c_PP_TL	Match
05c_ST_CH	05c_ST_CH	Match
05c_ST_CU	05c_ST_CU	Match
05c_ST_PP	05c_ST_PP	Match
05c_ST_TL	05c_ST_TL	Match
05c_TL_CU	05c_TL_CU	Match
06a_AR_CH	06a_AR_CH	Match
06a_AR_CU	06a_AR_CU	Match
06a_AR_PP	06a_AR_PP	Match
06a_AR_ST	06a_AR_ST	Match
06a_AR_TL	06a_AR_TL	Match
06a_CH_CU	06a_CH_CU	Match
06a_CH_TL	06a_CH_TL	Match
06a_PP_CH	06a_PP_CH	Match
06a_PP_CU	06a_PP_CU	Match
06a_PP_TL	06a_PP_TL	Match
06a_ST_CH	06a_ST_CH	Match
06a_ST_CU	06a_ST_CU	Match
06a_ST_PP	06a_ST_PP	Match
06a_ST_TL	06a_ST_TL	Match
06a_TL_CU	06a_TL_CU	Match
07a_AR_CH	07a_AR_CH	Match
07a_AR_CU	07a_AR_CU	Match
07a_AR_PP	07a_AR_PP	Match
07a_AR_ST	07a_AR_ST	Match
07a_AR_TL	07a_AR_TL	Match
07a_CH_CU	07a_CH_CU	Match
07a_CH_TL	07a_CH_TL	Match
07a_PP_CH	07a_PP_CH	Match
07a_PP_CU	07a_PP_CU	Match
07a_PP_TL	07a_PP_TL	Match
07a_ST_CH	07a_ST_CH	Match
07a_ST_CU	07a_ST_CU	Match
07a_ST_PP	07a_ST_PP	Match
07a_ST_TL	07a_ST_TL	Match
07a_TL_CU	07a_TL_CU	Match
07b_AR_CH	07b_AR_CH	Match
07b_AR_CU	07b_AR_CU	Match
07b_AR_PP	07b_AR_PP	Match
07b_AR_ST	07b_AR_ST	Match
07b_AR_TL	07b_AR_TL	Match
07b_CH_CU	07b_CH_CU	Match
07b_CH_TL	07b_CH_TL	Match
07b_PP_CH	07b_PP_CH	Match
07b_PP_CU	07b_PP_CU	Match
07b_PP_TL	07b_PP_TL	Match
07b_ST_CH	07b_ST_CH	Match
07b_ST_CU	07b_ST_CU	Match
07b_ST_PP	07b_ST_PP	Match
07b_ST_TL	07b_ST_TL	Match
07b_TL_CU	07b_TL_CU	Match
07c_AR_CH	07c_AR_CH	Match
07c_AR_CU	07c_AR_CU	Match
07c_AR_PP	07c_AR_PP	Match
07c_AR_ST	07c_AR_ST	Match
07c_AR_TL	07c_AR_TL	Match
07c_CH_CU	07c_CH_CU	Match
07c_CH_TL	07c_CH_TL	Match
07c_PP_CH	07c_PP_CH	Match
07c_PP_CU	07c_PP_CU	Match
07c_PP_TL	07c_PP_TL	Match
07c_ST_CH	07c_ST_CH	Match
07c_ST_CU	07c_ST_CU	Match
07c_ST_PP	07c_ST_PP	Match
07c_ST_TL	07c_ST_TL	Match
07c_TL_CU	07c_TL_CU	Match
07d_AR_CH	07d_AR_CH	Match
07d_AR_CU	07d_AR_CU	Match
07d_AR_PP	07d_AR_PP	Match
07d_AR_ST	07d_AR_ST	Match
07d_AR_TL	07d_AR_TL	Match
07d_CH_CU	07d_CH_CU	Match
07d_CH_TL	07d_CH_TL	Match
07d_PP_CH	07d_PP_CH	Match
07d_PP_CU	07d_PP_CU	Match
07d_PP_TL	07d_PP_TL	Match
07d_ST_CH	07d_ST_CH	Match
07d_ST_CU	07d_ST_CU	Match
07d_ST_PP	07d_ST_PP	Match
07d_ST_TL	07d_ST_TL	Match
07d_TL_CU	07d_TL_CU	Match
07e_AR_CH	07e_AR_CH	Match
07e_AR_CU	07e_AR_CU	Match
07e_AR_PP	07e_AR_PP	Match
07e_AR_ST	07e_AR_ST	Match
07e_AR_TL	07e_AR_TL	Match
07e_CH_CU	07e_CH_CU	Match
07e_CH_TL	07e_CH_TL	Match
07e_PP_CH	07e_PP_CH	Match
07e_PP_CU	07e_PP_CU	Match
07e_PP_TL	07e_PP_TL	Match
07e_ST_CH	07e_ST_CH	Match
07e_ST_CU	07e_ST_CU	Match
07e_ST_PP	07e_ST_PP	Match
07e_ST_TL	07e_ST_TL	Match
07e_TL_CU	07e_TL_CU	Match
08a_AR_CH	08a_AR_CH	Match
08a_AR_CU	08a_AR_CU	Match
08a_AR_PP	08a_AR_PP	Match
08a_AR_ST	08a_AR_ST	Match
08a_AR_TL	08a_AR_TL	Match
08a_CH_CU	08a_CH_CU	Match
08a_CH_TL	08a_CH_TL	Match
08a_PP_CH	08a_PP_CH	Match
08a_PP_CU	08a_PP_CU	Match
08a_PP_TL	08a_PP_TL	Match
08a_ST_CH	08a_ST_CH	Match
08a_ST_CU	08a_ST_CU	Match
08a_ST_PP	08a_ST_PP	Match
08a_ST_TL	08a_ST_TL	Match
08a_TL_CU	08a_TL_CU	Match
08b_AR_CH	08b_AR_CH	Match
08b_AR_CU	08b_AR_CU	Match
08b_AR_PP	08b_AR_PP	Match
08b_AR_ST	08b_AR_ST	Match
08b_AR_TL	08b_AR_TL	Match
08b_CH_CU	08b_CH_CU	Match
08b_CH_TL	08b_CH_TL	Match
08b_PP_CH	08b_PP_CH	Match
08b_PP_CU	08b_PP_CU	Match
08b_PP_TL	08b_PP_TL	Match
08b_ST_CH	08b_ST_CH	Match
08b_ST_CU	08b_ST_CU	Match
08b_ST_PP	08b_ST_PP	Match
08b_ST_TL	08b_ST_TL	Match
08b_TL_CU	08b_TL_CU	Match
08c_AR_CH	08c_AR_CH	Match
08c_AR_CU	08c_AR_CU	Match
08c_AR_PP	08c_AR_PP	Match
08c_AR_ST	08c_AR_ST	Match
08c_AR_TL	08c_AR_TL	Match
08c_CH_CU	08c_CH_CU	Match
08c_CH_TL	08c_CH_TL	Match
08c_PP_CH	08c_PP_CH	Match
08c_PP_CU	08c_PP_CU	Match
08c_PP_TL	08c_PP_TL	Match
08c_ST_CH	08c_ST_CH	Match
08c_ST_CU	08c_ST_CU	Match
08c_ST_PP	08c_ST_PP	Match
08c_ST_TL	08c_ST_TL	Match
08c_TL_CU	08c_TL_CU	Match
08d_AR_CH	08d_AR_CH	Match
08d_AR_CU	08d_AR_CU	Match
08d_AR_PP	08d_AR_PP	Match
08d_AR_ST	08d_AR_ST	Match
08d_AR_TL	08d_AR_TL	Match
08d_CH_CU	08d_CH_CU	Match
08d_CH_TL	08d_CH_TL	Match
08d_PP_CH	08d_PP_CH	Match
08d_PP_CU	08d_PP_CU	Match
08d_PP_TL	08d_PP_TL	Match
08d_ST_CH	08d_ST_CH	Match
08d_ST_CU	08d_ST_CU	Match
08d_ST_PP	08d_ST_PP	Match
08d_ST_TL	08d_ST_TL	Match
08d_TL_CU	08d_TL_CU	Match
08e_AR_CH	08e_AR_CH	Match
08e_AR_CU	08e_AR_CU	Match
08e_AR_PP	08e_AR_PP	Match
08e_AR_ST	08e_AR_ST	Match
08e_AR_TL	08e_AR_TL	Match
08e_CH_CU	08e_CH_CU	Match
08e_CH_TL	08e_CH_TL	Match
08e_PP_CH	08e_PP_CH	Match
08e_PP_CU	08e_PP_CU	Match
08e_PP_TL	08e_PP_TL	Match
08e_ST_CH	08e_ST_CH	Match
08e_ST_CU	08e_ST_CU	Match
08e_ST_PP	08e_ST_PP	Match
08e_ST_TL	08e_ST_TL	Match
08e_TL_CU	08e_TL_CU	Match
08f_AR_CH	08f_AR_CH	Match
08f_AR_CU	08f_AR_CU	Match
08f_AR_PP	08f_AR_PP	Match
08f_AR_ST	08f_AR_ST	Match
08f_AR_TL	08f_AR_TL	Match
08f_CH_CU	08f_CH_CU	Match
08f_CH_TL	08f_CH_TL	Match
08f_PP_CH	08f_PP_CH	Match
08f_PP_CU	08f_PP_CU	Match
08f_PP_TL	08f_PP_TL	Match
08f_ST_CH	08f_ST_CH	Match
08f_ST_CU	08f_ST_CU	Match
08f_ST_PP	08f_ST_PP	Match
08f_ST_TL	08f_ST_TL	Match
08f_TL_CU	08f_TL_CU	Match
08g_AR_CH	08g_AR_CH	Match
08g_AR_CU	08g_AR_CU	Match
08g_AR_PP	08g_AR_PP	Match
08g_AR_ST	08g_AR_ST	Match
08g_AR_TL	08g_AR_TL	Match
08g_CH_CU	08g_CH_CU	Match
08g_CH_TL	08g_CH_TL	Match
08g_PP_CH	08g_PP_CH	Match
08g_PP_CU	08g_PP_CU	Match
08g_PP_TL	08g_PP_TL	Match
08g_ST_CH	08g_ST_CH	Match
08g_ST_CU	08g_ST_CU	Match
08g_ST_PP	08g_ST_PP	Match
08g_ST_TL	08g_ST_TL	Match
08g_TL_CU	08g_TL_CU	Match
08h_AR_CH	08h_AR_CH	Match
08h_AR_CU	08h_AR_CU	Match
08h_AR_PP	08h_AR_PP	Match
08h_AR_ST	08h_AR_ST	Match
08h_AR_TL	08h_AR_TL	Match
08h_CH_CU	08h_CH_CU	Match
08h_CH_TL	08h_CH_TL	Match
08h_PP_CH	08h_PP_CH	Match
08h_PP_CU	08h_PP_CU	Match
08h_PP_TL	08h_PP_TL	Match
08h_ST_CH	08h_ST_CH	Match
08h_ST_CU	08h_ST_CU	Match
08h_ST_PP	08h_ST_PP	Match
08h_ST_TL	08h_ST_TL	Match
08h_TL_CU	08h_TL_CU	Match
08i_AR_CH	08i_AR_CH	Match
08i_AR_CU	08i_AR_CU	Match
08i_AR_PP	08i_AR_PP	Match
08i_AR_ST	08i_AR_ST	Match
08i_AR_TL	08i_AR_TL	Match
08i_CH_CU	08i_CH_CU	Match
08i_CH_TL	08i_CH_TL	Match
08i_PP_CH	08i_PP_CH	Match
08i_PP_CU	08i_PP_CU	Match
08i_PP_TL	08i_PP_TL	Match
08i_ST_CH	08i_ST_CH	Match
08i_ST_CU	08i_ST_CU	Match
08i_ST_PP	08i_ST_PP	Match
08i_ST_TL	08i_ST_TL	Match
08i_TL_CU	08i_TL_CU	Match
08j_AR_CH	08j_AR_CH	Match
08j_AR_CU	08j_AR_CU	Match
08j_AR_PP	08j_AR_PP	Match
08j_AR_ST	08j_AR_ST	Match
08j_AR_TL	08j_AR_TL	Match
08j_CH_CU	08j_CH_CU	Match
08j_CH_TL	08j_CH_TL	Match
08j_PP_CH	08j_PP_CH	Match
08j_PP_CU	08j_PP_CU	Match
08j_PP_TL	08j_PP_TL	Match
08j_ST_CH	08j_ST_CH	Match
08j_ST_CU	08j_ST_CU	Match
08j_ST_PP	08j_ST_PP	Match
08j_ST_TL	08j_ST_TL	Match
08j_TL_CU	08j_TL_CU	Match
08k_AR_CH	08k_AR_CH	Match
08k_AR_CU	08k_AR_CU	Match
08k_AR_PP	08k_AR_PP	Match
08k_AR_ST	08k_AR_ST	Match
08k_AR_TL	08k_AR_TL	Match
08k_CH_CU	08k_CH_CU	Match
08k_CH_TL	08k_CH_TL	Match
08k_PP_CH	08k_PP_CH	Match
08k_PP_CU	08k_PP_CU	Match
08k_PP_TL	08k_PP_TL	Match
08k_ST_CH	08k_ST_CH	Match
08k_ST_CU	08k_ST_CU	Match
08k_ST_PP	08k_ST_PP	Match
08k_ST_TL	08k_ST_TL	Match
08k_TL_CU	08k_TL_CU	Match
08l_AR_CH	08l_AR_CH	Match
08l_AR_CU	08l_AR_CU	Match
08l_AR_PP	08l_AR_PP	Match
08l_AR_ST	08l_AR_ST	Match
08l_AR_TL	08l_AR_TL	Match
08l_CH_CU	08l_CH_CU	Match
08l_CH_TL	08l_CH_TL	Match
08l_PP_CH	08l_PP_CH	Match
08l_PP_CU	08l_PP_CU	Match
08l_PP_TL	08l_PP_TL	Match
08l_ST_CH	08l_ST_CH	Match
08l_ST_CU	08l_ST_CU	Match
08l_ST_PP	08l_ST_PP	Match
08l_ST_TL	08l_ST_TL	Match
08l_TL_CU	08l_TL_CU	Match
09a_AR_CH	09a_AR_CH	Match
09a_AR_CU	09a_AR_CU	Match
09a_AR_PP	09a_AR_PP	Match
09a_AR_ST	09a_AR_ST	Match
09a_AR_TL	09a_AR_TL	Match
09a_CH_CU	09a_CH_CU	Match
09a_CH_TL	09a_CH_TL	Match
09a_PP_CH	09a_PP_CH	Match
09a_PP_CU	09a_PP_CU	Match
09a_PP_TL	09a_PP_TL	Match
09a_ST_CH	09a_ST_CH	Match
09a_ST_CU	09a_ST_CU	Match
09a_ST_PP	09a_ST_PP	Match
09a_ST_TL	09a_ST_TL	Match
09a_TL_CU	09a_TL_CU	Match
09b_AR_CH	09b_AR_CH	Match
09b_AR_CU	09b_AR_CU	Match
09b_AR_PP	09b_AR_PP	Match
09b_AR_ST	09b_AR_ST	Match
09b_AR_TL	09b_AR_TL	Match
09b_CH_CU	09b_CH_CU	Match
09b_CH_TL	09b_CH_TL	Match
09b_PP_CH	09b_PP_CH	Match
09b_PP_CU	09b_PP_CU	Match
09b_PP_TL	09b_PP_TL	Match
09b_ST_CH	09b_ST_CH	Match
09b_ST_CU	09b_ST_CU	Match
09b_ST_PP	09b_ST_PP	Match
09b_ST_TL	09b_ST_TL	Match
09b_TL_CU	09b_TL_CU	Match
09c_AR_CH	09c_AR_CH	Match
09c_AR_CU	09c_AR_CU	Match
09c_AR_PP	09c_AR_PP	Match
09c_AR_ST	09c_AR_ST	Match
09c_AR_TL	09c_AR_TL	Match
09c_CH_CU	09c_CH_CU	Match
09c_CH_TL	09c_CH_TL	Match
09c_PP_CH	09c_PP_CH	Match
09c_PP_CU	09c_PP_CU	Match
09c_PP_TL	09c_PP_TL	Match
09c_ST_CH	09c_ST_CH	Match
09c_ST_CU	09c_ST_CU	Match
09c_ST_PP	09c_ST_PP	Match
09c_ST_TL	09c_ST_TL	Match
09c_TL_CU	09c_TL_CU	Match
10a_AR_CH	10a_AR_CH	Match
10a_AR_CU	10a_AR_CU	Match
10a_AR_PP	10a_AR_PP	Match
10a_AR_ST	10a_AR_ST	Match
10a_AR_TL	10a_AR_TL	Match
10a_CH_CU	10a_CH_CU	Match
10a_CH_TL	10a_CH_TL	Match
10a_PP_CH	10a_PP_CH	Match
10a_PP_CU	10a_PP_CU	Match
10a_PP_TL	10a_PP_TL	Match
10a_ST_CH	10a_ST_CH	Match
10a_ST_CU	10a_ST_CU	Match
10a_ST_PP	10a_ST_PP	Match
10a_ST_TL	10a_ST_TL	Match
10a_TL_CU	10a_TL_CU	Match
10b_AR_CH	10b_AR_CH	Match
10b_AR_CU	10b_AR_CU	Match
10b_AR_PP	10b_AR_PP	Match
10b_AR_ST	10b_AR_ST	Match
10b_AR_TL	10b_AR_TL	Match
10b_CH_CU	10b_CH_CU	Match
10b_CH_TL	10b_CH_TL	Match
10b_PP_CH	10b_PP_CH	Match
10b_PP_CU	10b_PP_CU	Match
10b_PP_TL	10b_PP_TL	Match
10b_ST_CH	10b_ST_CH	Match
10b_ST_CU	10b_ST_CU	Match
10b_ST_PP	10b_ST_PP	Match
10b_ST_TL	10b_ST_TL	Match
10b_TL_CU	10b_TL_CU	Match
11a_AR_CH	11a_AR_CH	Match
11a_AR_CU	11a_AR_CU	Match
11a_AR_PP	11a_AR_PP	Match
11a_AR_ST	11a_AR_ST	Match
11a_AR_TL	11a_AR_TL	Match
11a_CH_CU	11a_CH_CU	Match
11a_CH_TL	11a_CH_TL	Match
11a_PP_CH	11a_PP_CH	Match
11a_PP_CU	11a_PP_CU	Match
11a_PP_TL	11a_PP_TL	Match
11a_ST_CH	11a_ST_CH	Match
11a_ST_CU	11a_ST_CU	Match
11a_ST_PP	11a_ST_PP	Match
11a_ST_TL	11a_ST_TL	Match
11a_TL_CU	11a_TL_CU	Match
11b_AR_CH	11b_AR_CH	Match
11b_AR_CU	11b_AR_CU	Match
11b_AR_PP	11b_AR_PP	Match
11b_AR_ST	11b_AR_ST	Match
11b_AR_TL	11b_AR_TL	Match
11b_CH_CU	11b_CH_CU	Match
11b_CH_TL	11b_CH_TL	Match
11b_PP_CH	11b_PP_CH	Match
11b_PP_CU	11b_PP_CU	Match
11b_PP_TL	11b_PP_TL	Match
11b_ST_CH	11b_ST_CH	Match
11b_ST_CU	11b_ST_CU	Match
11b_ST_PP	11b_ST_PP	Match
11b_ST_TL	11b_ST_TL	Match
11b_TL_CU	11b_TL_CU	Match
11c_AR_CH	11c_AR_CH	Match
11c_AR_CU	11c_AR_CU	Match
11c_AR_PP	11c_AR_PP	Match
11c_AR_ST	11c_AR_ST	Match
11c_AR_TL	11c_AR_TL	Match
11c_CH_CU	11c_CH_CU	Match
11c_CH_TL	11c_CH_TL	Match
11c_PP_CH	11c_PP_CH	Match
11c_PP_CU	11c_PP_CU	Match
11c_PP_TL	11c_PP_TL	Match
11c_ST_CH	11c_ST_CH	Match
11c_ST_CU	11c_ST_CU	Match
11c_ST_PP	11c_ST_PP	Match
11c_ST_TL	11c_ST_TL	Match
11c_TL_CU	11c_TL_CU	Match
11d_AR_CH	11d_AR_CH	Match
11d_AR_CU	11d_AR_CU	Match
11d_AR_PP	11d_AR_PP	Match
11d_AR_ST	11d_AR_ST	Match
11d_AR_TL	11d_AR_TL	Match
11d_CH_CU	11d_CH_CU	Match
11d_CH_TL	11d_CH_TL	Match
11d_PP_CH	11d_PP_CH	Match
11d_PP_CU	11d_PP_CU	Match
11d_PP_TL	11d_PP_TL	Match
11d_ST_CH	11d_ST_CH	Match
11d_ST_CU	11d_ST_CU	Match
11d_ST_PP	11d_ST_PP	Match
11d_ST_TL	11d_ST_TL	Match
11d_TL_CU	11d_TL_CU	Match
11e_AR_CH	11e_AR_CH	Match
11e_AR_CU	11e_AR_CU	Match
11e_AR_PP	11e_AR_PP	Match
11e_AR_ST	11e_AR_ST	Match
11e_AR_TL	11e_AR_TL	Match
11e_CH_CU	11e_CH_CU	Match
11e_CH_TL	11e_CH_TL	Match
11e_PP_CH	11e_PP_CH	Match
11e_PP_CU	11e_PP_CU	Match
11e_PP_TL	11e_PP_TL	Match
11e_ST_CH	11e_ST_CH	Match
11e_ST_CU	11e_ST_CU	Match
11e_ST_PP	11e_ST_PP	Match
11e_ST_TL	11e_ST_TL	Match
11e_TL_CU	11e_TL_CU	Match
12a_AR_CH	12a_AR_CH	Match
12a_AR_CU	12a_AR_CU	Match
12a_AR_PP	12a_AR_PP	Match
12a_AR_ST	12a_AR_ST	Match
12a_AR_TL	12a_AR_TL	Match
12a_CH_CU	12a_CH_CU	Match
12a_CH_TL	12a_CH_TL	Match
12a_PP_CH	12a_PP_CH	Match
12a_PP_CU	12a_PP_CU	Match
12a_PP_TL	12a_PP_TL	Match
12a_ST_CH	12a_ST_CH	Match
12a_ST_CU	12a_ST_CU	Match
12a_ST_PP	12a_ST_PP	Match
12a_ST_TL	12a_ST_TL	Match
12a_TL_CU	12a_TL_CU	Match
13a_AR_CH	13a_AR_CH	Match
13a_AR_CU	13a_AR_CU	Match
13a_AR_PP	13a_AR_PP	Match
13a_AR_ST	13a_AR_ST	Match
13a_AR_TL	13a_AR_TL	Match
13a_CH_CU	13a_CH_CU	Match
13a_CH_TL	13a_CH_TL	Match
13a_PP_CH	13a_PP_CH	Match
13a_PP_CU	13a_PP_CU	Match
13a_PP_TL	13a_PP_TL	Match
13a_ST_CH	13a_ST_CH	Match
13a_ST_CU	13a_ST_CU	Match
13a_ST_PP	13a_ST_PP	Match
13a_ST_TL	13a_ST_TL	Match
13a_TL_CU	13a_TL_CU	Match
14a_AR_CH	14a_AR_CH	Match
14a_AR_CU	14a_AR_CU	Match
14a_AR_PP	14a_AR_PP	Match
14a_AR_ST	14a_AR_ST	Match
14a_AR_TL	14a_AR_TL	Match
14a_CH_CU	14a_CH_CU	Match
14a_CH_TL	14a_CH_TL	Match
14a_PP_CH	14a_PP_CH	Match
14a_PP_CU	14a_PP_CU	Match
14a_PP_TL	14a_PP_TL	Match
14a_ST_CH	14a_ST_CH	Match
14a_ST_CU	14a_ST_CU	Match
14a_ST_PP	14a_ST_PP	Match
14a_ST_TL	14a_ST_TL	Match
14a_TL_CU	14a_TL_CU	Match
14b_AR_CH	14b_AR_CH	Match
14b_AR_CU	14b_AR_CU	Match
14b_AR_PP	14b_AR_PP	Match
14b_AR_ST	14b_AR_ST	Match
14b_AR_TL	14b_AR_TL	Match
14b_CH_CU	14b_CH_CU	Match
14b_CH_TL	14b_CH_TL	Match
14b_PP_CH	14b_PP_CH	Match
14b_PP_CU	14b_PP_CU	Match
14b_PP_TL	14b_PP_TL	Match
14b_ST_CH	14b_ST_CH	Match
14b_ST_CU	14b_ST_CU	Match
14b_ST_PP	14b_ST_PP	Match
14b_ST_TL	14b_ST_TL	Match
14b_TL_CU	14b_TL_CU	Match
14c_AR_CH	14c_AR_CH	Match
14c_AR_CU	14c_AR_CU	Match
14c_AR_PP	14c_AR_PP	Match
14c_AR_ST	14c_AR_ST	Match
14c_AR_TL	14c_AR_TL	Match
14c_CH_CU	14c_CH_CU	Match
14c_CH_TL	14c_CH_TL	Match
14c_PP_CH	14c_PP_CH	Match
14c_PP_CU	14c_PP_CU	Match
14c_PP_TL	14c_PP_TL	Match
14c_ST_CH	14c_ST_CH	Match
14c_ST_CU	14c_ST_CU	Match
14c_ST_PP	14c_ST_PP	Match
14c_ST_TL	14c_ST_TL	Match
14c_TL_CU	14c_TL_CU	Match
14d_AR_CH	14d_AR_CH	Match
14d_AR_CU	14d_AR_CU	Match
14d_AR_PP	14d_AR_PP	Match
14d_AR_ST	14d_AR_ST	Match
14d_AR_TL	14d_AR_TL	Match
14d_CH_CU	14d_CH_CU	Match
14d_CH_TL	14d_CH_TL	Match
14d_PP_CH	14d_PP_CH	Match
14d_PP_CU	14d_PP_CU	Match
14d_PP_TL	14d_PP_TL	Match
14d_ST_CH	14d_ST_CH	Match
14d_ST_CU	14d_ST_CU	Match
14d_ST_PP	14d_ST_PP	Match
14d_ST_TL	14d_ST_TL	Match
14d_TL_CU	14d_TL_CU	Match
14e_AR_CH	14e_AR_CH	Match
14e_AR_CU	14e_AR_CU	Match
14e_AR_PP	14e_AR_PP	Match
14e_AR_ST	14e_AR_ST	Match
14e_AR_TL	14e_AR_TL	Match
14e_CH_CU	14e_CH_CU	Match
14e_CH_TL	14e_CH_TL	Match
14e_PP_CH	14e_PP_CH	Match
14e_PP_CU	14e_PP_CU	Match
14e_PP_TL	14e_PP_TL	Match
14e_ST_CH	14e_ST_CH	Match
14e_ST_CU	14e_ST_CU	Match
14e_ST_PP	14e_ST_PP	Match
14e_ST_TL	14e_ST_TL	Match
14e_TL_CU	14e_TL_CU	Match
14f_AR_CH	14f_AR_CH	Match
14f_AR_CU	14f_AR_CU	Match
14f_AR_PP	14f_AR_PP	Match
14f_AR_ST	14f_AR_ST	Match
14f_AR_TL	14f_AR_TL	Match
14f_CH_CU	14f_CH_CU	Match
14f_CH_TL	14f_CH_TL	Match
14f_PP_CH	14f_PP_CH	Match
14f_PP_CU	14f_PP_CU	Match
14f_PP_TL	14f_PP_TL	Match
14f_ST_CH	14f_ST_CH	Match
14f_ST_CU	14f_ST_CU	Match
14f_ST_PP	14f_ST_PP	Match
14f_ST_TL	14f_ST_TL	Match
14f_TL_CU	14f_TL_CU	Match
14g_AR_CH	14g_AR_CH	Match
14g_AR_CU	14g_AR_CU	Match
14g_AR_PP	14g_AR_PP	Match
14g_AR_ST	14g_AR_ST	Match
14g_AR_TL	14g_AR_TL	Match
14g_CH_CU	14g_CH_CU	Match
14g_CH_TL	14g_CH_TL	Match
14g_PP_CH	14g_PP_CH	Match
14g_PP_CU	14g_PP_CU	Match
14g_PP_TL	14g_PP_TL	Match
14g_ST_CH	14g_ST_CH	Match
14g_ST_CU	14g_ST_CU	Match
14g_ST_PP	14g_ST_PP	Match
14g_ST_TL	14g_ST_TL	Match
14g_TL_CU	14g_TL_CU	Match
14h_AR_CH	14h_AR_CH	Match
14h_AR_CU	14h_AR_CU	Match
14h_AR_PP	14h_AR_PP	Match
14h_AR_ST	14h_AR_ST	Match
14h_AR_TL	14h_AR_TL	Match
14h_CH_CU	14h_CH_CU	Match
14h_CH_TL	14h_CH_TL	Match
14h_PP_CH	14h_PP_CH	Match
14h_PP_CU	14h_PP_CU	Match
14h_PP_TL	14h_PP_TL	Match
14h_ST_CH	14h_ST_CH	Match
14h_ST_CU	14h_ST_CU	Match
14h_ST_PP	14h_ST_PP	Match
14h_ST_TL	14h_ST_TL	Match
14h_TL_CU	14h_TL_CU	Match
